Date Time,Open,High,Low,Close,Volume,Adj Close
04/01/2016,35.18,36.45,34.1,36.45,6253,36.45
05/01/2016,37.98,37.98,36.74,37.0,6779,37.0
06/01/2016,37.0,37.0,36.0,36.5,4310,36.5
07/01/2016,36.5,36.9,35.42,35.42,4712,35.42
08/01/2016,35.0,36.4,34.36,36.0,18727,36.0
11/01/2016,35.99,36.49,35.7,36.2,2242,36.2
12/01/2016,36.3,36.9,36.01,36.4,16770,36.4
13/01/2016,36.45,36.5,36.0,36.0,2930,36.0
15/01/2016,36.46,36.69,35.38,35.38,7198,35.38
18/01/2016,35.99,36.99,35.99,36.9,7585,36.9
19/01/2016,36.95,37.5,36.6,37.1,8553,37.1
20/01/2016,37.5,38.4,37.5,38.3,17099,38.3
21/01/2016,37.84,38.0,37.48,37.48,5876,37.48
22/01/2016,37.48,37.48,36.7,37.27,8545,37.27
25/01/2016,37.0,38.0,37.0,38.0,6347,38.0
26/01/2016,37.5,38.19,37.5,38.0,2764,38.0
27/01/2016,37.9,37.9,37.5,37.8,7584,37.8
28/01/2016,37.9,37.99,37.56,37.99,10051,37.99
29/01/2016,37.9,39.02,37.61,39.0,15628,39.0
01/02/2016,39.89,39.89,38.8,39.3,2386,39.3
02/02/2016,39.0,39.2,38.88,38.99,11956,38.99
03/02/2016,38.9,38.9,38.6,38.7,1053,38.7
04/02/2016,38.61,38.7,38.03,38.03,1322,38.03
05/02/2016,38.0,38.89,37.99,38.89,5330,38.89
08/02/2016,38.21,38.85,38.21,38.85,110,38.85
09/02/2016,38.25,38.85,38.03,38.8,2386,38.8
10/02/2016,38.79,38.79,37.63,37.63,9104,37.63
11/02/2016,37.95,37.98,37.49,37.64,9635,37.64
12/02/2016,37.64,37.8,37.52,37.66,22016,37.66
15/02/2016,37.6,38.59,37.6,38.07,2399,38.07
16/02/2016,38.04,38.74,38.04,38.73,4263,38.73
17/02/2016,38.5,39.8,38.5,39.76,13415,39.76
18/02/2016,39.79,42.1,39.79,41.8,58035,41.8
19/02/2016,43.04,44.33,41.78,44.33,23212,44.33
22/02/2016,45.0,46.8,44.7,45.0,25256,45.0
23/02/2016,45.9,45.9,44.53,44.53,24272,44.53
24/02/2016,44.49,45.0,43.16,43.16,24048,43.16
25/02/2016,42.0,44.52,42.0,44.4,19081,44.4
26/02/2016,45.0,45.49,44.3,44.8,11083,44.8
29/02/2016,45.3,45.96,45.0,45.11,8538,45.11
01/03/2016,46.46,47.85,46.46,47.45,36361,47.45
02/03/2016,47.0,47.78,46.1,46.1,8104,46.1
03/03/2016,46.0,47.0,45.01,46.0,6279,46.0
04/03/2016,46.5,46.52,46.0,46.5,2908,46.5
07/03/2016,45.3,46.0,44.5,44.5,5165,44.5
08/03/2016,44.53,45.85,44.5,45.0,20253,45.0
09/03/2016,45.0,45.15,44.0,44.5,4507,44.5
10/03/2016,44.5,44.99,44.02,44.98,7147,44.98
11/03/2016,44.98,45.0,44.1,45.0,1303,45.0
14/03/2016,45.5,46.0,45.5,45.95,569,45.95
15/03/2016,45.01,45.95,45.01,45.8,3362,45.8
16/03/2016,45.8,45.85,45.5,45.8,1109,45.8
17/03/2016,45.8,45.95,45.52,45.95,4437,45.95
18/03/2016,45.95,47.3,45.95,47.3,5552,47.3
21/03/2016,47.8,49.0,47.8,48.13,20260,48.13
22/03/2016,48.2,49.98,48.13,49.98,21276,49.98
23/03/2016,50.6,50.6,49.21,50.0,12500,50.0
24/03/2016,50.4,52.66,50.39,52.66,27366,52.66
25/03/2016,53.1,54.0,51.57,52.83,29149,52.83
28/03/2016,52.88,54.12,52.83,52.83,15755,52.83
29/03/2016,52.5,52.5,50.93,51.8,9457,51.8
30/03/2016,51.1,51.8,50.51,51.8,5572,51.8
31/03/2016,52.0,53.8,52.0,53.47,7555,53.47
01/04/2016,53.3,53.98,52.5,53.93,4129,53.93
04/04/2016,53.8,53.8,52.51,53.6,4781,53.6
05/04/2016,53.6,53.6,52.7,53.57,2274,53.57
06/04/2016,53.1,53.1,52.8,53.1,2251,53.1
07/04/2016,53.6,53.6,52.0,53.57,4643,53.57
08/04/2016,53.56,53.56,52.01,53.48,1937,53.48
11/04/2016,53.59,53.59,52.65,52.75,388,52.75
12/04/2016,52.11,52.99,51.98,52.0,3859,52.0
13/04/2016,52.0,52.5,51.0,52.0,818,52.0
14/04/2016,52.0,52.4,51.1,52.0,2393,52.0
15/04/2016,52.01,54.35,52.01,53.59,10183,53.59
18/04/2016,53.59,54.0,53.0,53.59,4948,53.59
19/04/2016,53.59,54.3,53.0,54.0,2496,54.0
20/04/2016,54.0,54.35,54.0,54.24,1053,54.24
21/04/2016,54.24,54.8,54.24,54.78,2042,54.78
22/04/2016,54.98,54.98,54.0,54.9,2346,54.9
25/04/2016,54.9,55.5,54.5,55.5,2305,55.5
26/04/2016,54.29,56.0,54.28,55.5,1788,55.5
27/04/2016,55.5,55.9,54.28,55.88,5181,55.88
28/04/2016,55.5,55.5,55.0,55.3,697,55.3
29/04/2016,55.45,55.49,54.0,54.0,5612,54.0
02/05/2016,54.19,54.19,52.8,52.85,3492,52.85
03/05/2016,52.5,52.5,51.2,52.13,3049,52.13
04/05/2016,52.0,53.56,51.0,53.56,2907,53.56
05/05/2016,54.34,55.97,54.34,55.89,3490,55.89
06/05/2016,55.88,55.88,54.33,54.33,2436,54.33
09/05/2016,55.59,55.7,54.5,55.4,313,55.4
10/05/2016,55.0,55.2,54.05,55.05,3314,55.05
11/05/2016,54.99,56.0,54.95,55.7,5225,55.7
12/05/2016,55.7,55.7,54.95,54.95,2091,54.95
13/05/2016,54.9,54.9,54.2,54.84,804,54.84
16/05/2016,55.03,55.03,54.84,54.89,449,54.89
17/05/2016,54.84,54.84,53.21,53.5,2382,53.5
18/05/2016,54.0,54.0,52.5,53.0,357,53.0
19/05/2016,52.4,52.9,51.9,51.9,2487,51.9
20/05/2016,51.83,51.87,51.5,51.69,3270,51.69
23/05/2016,51.98,51.98,51.5,51.79,3501,51.79
24/05/2016,51.8,53.0,51.79,52.95,5267,52.95
25/05/2016,53.0,53.7,53.0,53.5,3074,53.5
26/05/2016,53.5,54.0,53.31,53.5,6092,53.5
27/05/2016,53.5,54.0,53.4,53.89,3168,53.89
30/05/2016,54.48,54.98,53.89,54.1,5799,54.1
31/05/2016,54.1,54.99,53.6,54.6,4288,54.6
01/06/2016,37.49,37.99,37.4,37.8,29364,37.8
02/06/2016,37.99,40.0,37.79,40.0,32043,40.0
03/06/2016,41.8,42.4,41.6,41.8,39088,41.8
06/06/2016,43.0,43.0,42.2,42.88,4659,42.88
07/06/2016,42.88,43.0,42.4,42.4,3205,42.4
08/06/2016,42.4,42.69,41.13,41.8,5262,41.8
09/06/2016,41.75,42.75,40.9,42.45,3973,42.45
10/06/2016,42.0,42.74,42.0,42.0,6401,42.0
13/06/2016,42.68,43.8,42.0,43.3,24389,43.3
14/06/2016,43.7,43.9,43.1,43.9,12143,43.9
15/06/2016,44.5,44.7,43.2,44.48,9668,44.48
16/06/2016,44.5,45.8,44.5,45.8,30506,45.8
17/06/2016,47.17,47.8,47.0,47.5,13411,47.5
20/06/2016,47.79,48.5,47.5,48.21,17954,48.21
21/06/2016,49.0,49.4,47.7,48.78,11821,48.78
22/06/2016,48.78,48.78,48.35,48.4,8953,48.4
23/06/2016,48.22,48.22,46.8,47.8,18656,47.8
24/06/2016,46.9,46.9,45.5,45.5,7337,45.5
27/06/2016,0.0,0.0,0.0,0.0,0,0.0
28/06/2016,43.1,43.11,42.16,42.16,18873,42.16
29/06/2016,0.0,0.0,0.0,0.0,0,0.0
30/06/2016,38.46,42.08,38.46,42.0,55535,42.0
01/07/2016,44.0,45.0,42.73,43.78,33946,43.78
04/07/2016,43.79,43.79,42.73,43.0,3962,43.0
08/07/2016,43.0,43.54,43.0,43.5,3065,43.5
11/07/2016,43.5,43.79,43.5,43.79,1945,43.79
12/07/2016,43.8,44.79,43.8,44.64,5107,44.64
13/07/2016,44.6,45.88,44.0,45.49,17595,45.49
14/07/2016,45.87,45.87,45.11,45.5,6141,45.5
15/07/2016,45.6,46.25,45.0,45.0,49606,45.0
18/07/2016,46.3,46.3,45.4,45.4,3777,45.4
19/07/2016,45.35,45.35,44.9,44.99,1841,44.99
20/07/2016,45.2,45.2,44.2,44.69,5177,44.69
21/07/2016,44.99,44.99,44.0,44.5,108880,44.5
22/07/2016,44.5,44.5,44.0,44.0,2597,44.0
26/07/2016,43.9,43.9,43.0,43.0,3398,43.0
27/07/2016,42.68,43.0,42.0,42.74,13083,42.74
28/07/2016,42.2,43.0,42.0,42.5,3542,42.5
29/07/2016,42.5,42.95,42.5,42.5,1272,42.5
01/08/2016,42.0,42.95,41.6,42.4,2472,42.4
02/08/2016,42.4,42.45,41.13,41.5,41914,41.5
03/08/2016,41.5,42.19,41.5,41.5,2357,41.5
04/08/2016,41.13,42.09,41.13,42.09,2830,42.09
05/08/2016,42.09,42.7,42.09,42.5,4621,42.5
08/08/2016,42.1,42.5,42.05,42.5,12986,42.5
09/08/2016,42.5,42.5,42.01,42.01,2155,42.01
10/08/2016,42.01,42.5,42.01,42.48,4401,42.48
11/08/2016,42.48,42.48,42.12,42.4,4620,42.4
12/08/2016,42.4,42.4,42.0,42.35,7394,42.35
15/08/2016,42.3,42.48,42.2,42.48,8313,42.48
16/08/2016,42.25,42.43,42.2,42.43,1542,42.43
17/08/2016,42.25,42.48,42.25,42.48,309,42.48
18/08/2016,42.48,42.48,42.4,42.4,169,42.4
19/08/2016,42.4,43.5,42.4,43.39,21916,43.39
22/08/2016,43.0,44.29,42.75,43.75,13408,43.75
23/08/2016,43.95,44.48,43.5,43.75,6308,43.75
24/08/2016,43.98,43.98,43.7,43.7,2832,43.7
25/08/2016,43.7,43.8,43.5,43.5,3773,43.5
26/08/2016,43.8,43.98,43.7,43.98,3356,43.98
29/08/2016,43.5,43.98,43.5,43.98,607,43.98
30/08/2016,43.98,43.98,43.6,43.98,1953,43.98
31/08/2016,44.0,44.0,43.62,44.0,9990,44.0
01/09/2016,44.0,44.0,43.1,43.87,1938,43.87
02/09/2016,43.87,43.87,43.45,43.48,5620,43.48
05/09/2016,43.4,43.4,42.51,43.25,2386,43.25
06/09/2016,42.59,43.22,42.59,43.1,1871,43.1
07/09/2016,43.16,43.49,43.1,43.43,1525,43.43
08/09/2016,43.4,43.5,43.25,43.43,6522,43.43
09/09/2016,43.45,43.85,43.3,43.5,1008,43.5
14/09/2016,0.0,0.0,0.0,0.0,0,0.0
15/09/2016,43.7,43.7,42.98,43.59,6164,43.59
16/09/2016,43.21,43.5,43.02,43.21,871,43.21
19/09/2016,43.21,43.21,43.0,43.2,4034,43.2
20/09/2016,43.0,43.0,42.9,43.0,7562,43.0
21/09/2016,43.0,43.0,42.71,43.0,1805,43.0
22/09/2016,42.99,42.99,42.9,42.98,1430,42.98
23/09/2016,42.94,42.95,42.5,42.94,2535,42.94
26/09/2016,43.0,43.0,42.55,42.8,1385,42.8
27/09/2016,42.51,42.52,42.18,42.5,3400,42.5
28/09/2016,42.19,42.4,41.9,42.0,3367,42.0
29/09/2016,41.9,41.9,41.0,41.5,2568,41.5
30/09/2016,41.99,42.0,41.26,41.95,1023,41.95
04/10/2016,41.94,42.4,41.11,41.94,2909,41.94
05/10/2016,42.0,42.0,41.54,41.95,3274,41.95
06/10/2016,41.95,41.95,41.95,41.95,20,41.95
07/10/2016,41.9,41.9,41.21,41.21,5094,41.21
10/10/2016,41.3,42.7,41.3,42.39,20548,42.39
11/10/2016,42.0,42.5,41.7,41.7,21160,41.7
12/10/2016,41.8,42.35,41.72,41.9,1528,41.9
13/10/2016,41.8,41.9,41.3,41.31,2743,41.31
14/10/2016,41.7,42.3,41.3,42.27,6035,42.27
17/10/2016,42.27,42.27,41.41,42.25,1106,42.25
18/10/2016,42.27,42.27,41.9,41.9,12,41.9
19/10/2016,41.9,41.98,41.37,41.7,2742,41.7
20/10/2016,41.5,41.5,41.2,41.5,1912,41.5
21/10/2016,41.8,41.8,41.0,41.39,3199,41.39
24/10/2016,41.65,41.65,41.0,41.03,1694,41.03
25/10/2016,41.03,41.1,40.11,40.9,5742,40.9
26/10/2016,40.5,41.2,39.68,40.9,18818,40.9
27/10/2016,40.88,40.88,40.0,40.0,12495,40.0
28/10/2016,40.0,41.2,40.0,41.15,10204,41.15
31/10/2016,41.17,41.9,40.72,41.75,8222,41.75
01/11/2016,41.5,42.74,41.22,42.5,19175,42.5
02/11/2016,42.74,43.48,42.5,43.45,24334,43.45
03/11/2016,43.7,44.29,43.5,44.0,13697,44.0
04/11/2016,44.15,44.15,43.5,43.5,2803,43.5
07/11/2016,43.2,43.7,43.02,43.63,1885,43.63
08/11/2016,43.65,43.65,42.5,43.5,557,43.5
09/11/2016,43.48,43.48,42.5,42.99,2416,42.99
10/11/2016,42.2,42.96,42.2,42.87,9366,42.87
11/11/2016,42.5,42.89,42.15,42.48,3864,42.48
14/11/2016,42.01,42.48,42.01,42.07,3182,42.07
15/11/2016,42.49,42.49,42.1,42.11,9666,42.11
16/11/2016,42.11,42.11,41.82,42.09,6937,42.09
17/11/2016,42.0,42.3,42.0,42.06,4914,42.06
18/11/2016,42.5,43.0,42.3,42.86,7882,42.86
21/11/2016,42.86,43.0,41.58,42.79,34312,42.79
22/11/2016,42.79,43.29,42.5,42.95,4940,42.95
23/11/2016,43.25,43.25,42.36,42.95,7072,42.95
24/11/2016,42.95,42.95,42.2,42.6,5271,42.6
25/11/2016,42.5,42.8,42.5,42.55,21725,42.55
28/11/2016,42.55,43.0,42.55,42.98,2137,42.98
29/11/2016,42.97,43.49,42.6,43.0,8269,43.0
30/11/2016,43.0,44.0,43.0,43.89,8236,43.89
01/12/2016,43.89,44.0,43.08,43.96,8889,43.96
02/12/2016,43.7,43.9,43.3,43.9,2613,43.9
05/12/2016,43.95,43.95,43.0,43.03,4950,43.03
06/12/2016,43.79,43.79,42.81,42.81,8095,42.81
07/12/2016,42.9,42.9,42.1,42.64,9335,42.64
08/12/2016,42.54,42.65,42.0,42.35,8302,42.35
09/12/2016,42.0,42.5,42.0,42.5,5079,42.5
13/12/2016,42.5,42.5,42.0,42.4,959,42.4
14/12/2016,42.4,42.45,41.8,42.1,843,42.1
15/12/2016,41.9,41.9,40.84,41.0,9915,41.0
16/12/2016,41.0,41.0,40.12,40.8,6618,40.8
19/12/2016,40.9,41.0,40.42,40.8,2346,40.8
20/12/2016,40.8,40.8,40.6,40.8,2809,40.8
21/12/2016,40.8,40.8,40.6,40.7,4022,40.7
22/12/2016,40.8,40.8,40.6,40.7,3116,40.7
23/12/2016,40.7,40.8,40.5,40.78,2363,40.78
26/12/2016,40.79,41.9,40.79,41.18,7140,41.18
27/12/2016,41.88,41.88,40.65,40.7,9338,40.7
28/12/2016,41.0,41.0,40.7,40.8,30164,40.8
29/12/2016,41.17,41.85,40.73,41.16,6704,41.16
30/12/2016,41.17,41.17,40.85,40.85,3027,40.85
02/01/2017,40.71,40.8,40.5,40.75,3511,40.75
03/01/2017,40.75,40.75,40.0,40.55,13603,40.55
04/01/2017,40.0,41.6,40.0,41.1,36852,41.1
05/01/2017,40.6,41.78,40.6,40.86,7264,40.86
06/01/2017,40.9,41.73,40.9,41.5,3208,41.5
09/01/2017,41.6,41.6,41.12,41.58,3028,41.58
10/01/2017,41.49,41.49,41.0,41.1,1483,41.1
11/01/2017,41.1,41.5,40.9,41.1,5472,41.1
12/01/2017,41.1,41.2,40.6,41.2,1984,41.2
13/01/2017,41.0,41.58,41.0,41.57,3427,41.57
16/01/2017,41.56,41.57,41.18,41.18,1858,41.18
17/01/2017,41.18,41.85,41.18,41.84,8853,41.84
18/01/2017,41.86,41.86,41.48,41.86,3892,41.86
19/01/2017,41.83,41.83,41.2,41.6,698,41.6
20/01/2017,41.2,41.5,41.0,41.0,5314,41.0
23/01/2017,41.0,41.0,40.65,40.65,4816,40.65
24/01/2017,40.55,40.89,40.5,40.6,2024,40.6
25/01/2017,40.32,40.59,39.72,40.0,3133,40.0
26/01/2017,39.99,40.0,39.72,39.85,3331,39.85
27/01/2017,39.85,39.98,39.68,39.8,1150,39.8
30/01/2017,39.95,39.95,39.0,39.3,3107,39.3
31/01/2017,39.25,39.25,38.13,38.13,13586,38.13
01/02/2017,38.76,38.76,38.13,38.75,9475,38.75
02/02/2017,38.51,39.8,38.51,39.79,613,39.79
03/02/2017,39.83,39.83,39.0,39.73,3104,39.73
06/02/2017,39.72,39.9,38.91,39.0,9588,39.0
07/02/2017,39.0,39.0,38.32,38.45,2476,38.45
08/02/2017,38.5,38.79,38.5,38.5,1088,38.5
09/02/2017,38.69,38.69,38.0,38.0,1240,38.0
10/02/2017,38.0,38.45,38.0,38.1,3322,38.1
13/02/2017,38.45,38.45,37.8,38.0,1046,38.0
14/02/2017,38.0,38.0,36.86,36.86,11630,36.86
15/02/2017,36.7,36.7,36.01,36.4,1525,36.4
16/02/2017,36.0,36.4,35.0,35.0,7024,35.0
17/02/2017,34.91,35.6,33.21,34.5,27894,34.5
20/02/2017,34.0,36.4,34.0,36.0,16081,36.0
21/02/2017,36.5,36.5,35.65,36.0,9676,36.0
22/02/2017,36.0,36.0,35.0,35.69,12620,35.69
23/02/2017,35.6,35.6,34.8,34.99,6359,34.99
24/02/2017,35.0,35.0,34.02,34.93,5000,34.93
27/02/2017,35.0,35.88,34.87,35.88,15227,35.88
28/02/2017,35.89,36.6,35.51,36.6,51578,36.6
01/03/2017,37.0,37.0,36.0,36.4,12554,36.4
02/03/2017,36.5,36.5,35.7,36.0,7316,36.0
03/03/2017,36.4,36.4,35.8,36.38,78638,36.38
06/03/2017,35.5,36.5,35.5,36.2,128141,36.2
07/03/2017,36.38,36.85,35.7,35.7,9199,35.7
08/03/2017,35.5,35.69,34.44,34.44,21903,34.44
09/03/2017,34.3,35.32,34.3,35.0,10189,35.0
10/03/2017,35.01,35.67,34.99,35.2,9693,35.2
13/03/2017,35.2,35.6,34.81,35.0,949,35.0
14/03/2017,35.15,35.15,34.9,35.0,3372,35.0
15/03/2017,34.99,34.99,34.5,34.5,1942,34.5
16/03/2017,34.7,34.7,33.8,34.0,35787,34.0
17/03/2017,34.0,34.0,33.0,33.0,7126,33.0
21/03/2017,33.8,33.88,32.82,33.74,14392,33.74
22/03/2017,33.74,34.74,33.74,34.5,9031,34.5
23/03/2017,34.5,34.5,34.0,34.0,3522,34.0
24/03/2017,34.0,34.38,33.53,34.0,4616,34.0
27/03/2017,34.34,35.15,34.0,34.5,2985,34.5
28/03/2017,35.05,35.1,34.81,35.09,3818,35.09
29/03/2017,35.22,35.22,34.81,35.0,2609,35.0
30/03/2017,35.0,35.0,34.55,34.99,1577,34.99
31/03/2017,34.98,35.0,34.51,34.92,2066,34.92
03/04/2017,34.9,34.9,34.6,34.9,3348,34.9
04/04/2017,34.84,34.9,34.78,34.9,25443,34.9
05/04/2017,34.9,34.9,34.22,34.5,2511,34.5
06/04/2017,34.31,35.0,33.73,34.87,8357,34.87
07/04/2017,34.87,34.87,34.0,34.05,8875,34.05
10/04/2017,34.4,34.4,33.83,33.9,10418,33.9
11/04/2017,33.84,34.2,33.8,34.0,2013,34.0
12/04/2017,33.99,34.88,33.99,34.43,7996,34.43
13/04/2017,34.0,34.5,34.0,34.0,1651,34.0
14/04/2017,34.5,34.5,34.37,34.4,1026,34.4
17/04/2017,34.83,34.83,33.83,34.49,2876,34.49
18/04/2017,33.8,33.8,33.2,33.79,2616,33.79
19/04/2017,33.25,33.8,33.24,33.69,2457,33.69
20/04/2017,33.69,34.0,33.5,34.0,3490,34.0
21/04/2017,34.49,34.49,33.46,34.0,4304,34.0
24/04/2017,34.1,34.25,33.51,34.09,6414,34.09
25/04/2017,34.12,34.12,33.71,33.8,1243,33.8
26/04/2017,34.0,34.25,33.8,34.23,9686,34.23
27/04/2017,34.23,34.82,34.0,34.82,8298,34.82
28/04/2017,35.0,35.33,35.0,35.3,9312,35.3
02/05/2017,35.49,35.9,35.3,35.79,14211,35.79
03/05/2017,35.8,36.5,35.56,36.02,14682,36.02
04/05/2017,36.5,36.94,35.7,36.94,8069,36.94
05/05/2017,36.3,36.85,36.0,36.0,2963,36.0
08/05/2017,36.94,36.94,35.84,36.0,7937,36.0
09/05/2017,36.0,36.0,35.6,35.99,1867,35.99
10/05/2017,34.59,35.6,34.59,35.5,7601,35.5
11/05/2017,35.59,36.28,35.59,36.2,7263,36.2
12/05/2017,36.39,36.39,35.6,35.9,2309,35.9
15/05/2017,35.9,36.2,35.5,36.2,7874,36.2
16/05/2017,36.1,36.3,36.09,36.2,709,36.2
17/05/2017,36.21,36.21,36.01,36.01,1667,36.01
18/05/2017,36.01,36.01,35.71,35.9,3300,35.9
19/05/2017,35.99,35.99,35.75,35.9,347,35.9
22/05/2017,35.9,35.99,35.72,35.9,2578,35.9
23/05/2017,35.7,35.9,34.86,35.84,3168,35.84
24/05/2017,35.7,35.7,34.81,35.35,1887,35.35
25/05/2017,35.38,35.7,35.35,35.35,1822,35.35
26/05/2017,35.5,36.0,35.36,35.9,10377,35.9
29/05/2017,35.89,35.89,34.85,35.76,3407,35.76
30/05/2017,35.5,35.5,35.04,35.5,135,35.5
31/05/2017,35.4,35.4,35.39,35.39,3699,35.39
01/06/2017,34.34,35.29,34.02,34.02,219345,34.02
02/06/2017,34.4,35.2,34.4,35.0,8442,35.0
05/06/2017,35.0,35.1,34.5,35.1,2355,35.1
06/06/2017,35.01,35.01,34.7,35.0,1520,35.0
07/06/2017,34.9,35.05,34.71,35.0,5964,35.0
08/06/2017,35.0,35.2,35.0,35.02,9825,35.02
09/06/2017,35.02,35.02,35.02,35.02,2929,35.02
12/06/2017,35.01,35.01,35.0,35.0,262,35.0
13/06/2017,35.0,35.05,34.8,35.0,7250,35.0
14/06/2017,34.62,35.0,34.11,34.12,8933,34.12
15/06/2017,34.11,34.11,33.6,33.6,2187,33.6
16/06/2017,33.6,34.0,33.42,34.0,5145,34.0
19/06/2017,34.45,34.49,33.6,33.98,6889,33.98
20/06/2017,33.5,33.9,33.21,33.5,10009,33.5
21/06/2017,33.9,33.9,33.45,33.88,2639,33.88
22/06/2017,33.89,33.89,33.51,33.55,13113,33.55
23/06/2017,33.5,33.5,33.0,33.4,3970,33.4
28/06/2017,33.35,33.35,32.9,33.3,2053,33.3
29/06/2017,33.29,33.29,33.0,33.0,5305,33.0
30/06/2017,33.25,33.25,32.71,32.75,6068,32.75
03/07/2017,33.0,33.0,32.5,32.5,3942,32.5
04/07/2017,32.44,32.44,31.04,31.06,15054,31.06
05/07/2017,30.9,31.79,30.16,31.79,14709,31.79
06/07/2017,31.79,31.79,30.91,31.0,1946,31.0
07/07/2017,31.0,31.0,30.25,30.25,4002,30.25
10/07/2017,30.23,31.13,30.23,31.13,6393,31.13
11/07/2017,31.57,32.5,31.12,31.5,7733,31.5
12/07/2017,31.51,32.2,31.51,31.63,35528,31.63
13/07/2017,31.72,33.55,31.72,33.25,57932,33.25
14/07/2017,32.6,33.9,32.6,33.61,43834,33.61
17/07/2017,33.9,34.2,33.5,34.1,10415,34.1
18/07/2017,34.1,34.1,33.55,33.55,766,33.55
19/07/2017,33.0,33.55,33.0,33.54,2423,33.54
20/07/2017,33.53,33.98,33.0,33.54,4205,33.54
21/07/2017,33.0,33.4,32.76,33.0,5143,33.0
24/07/2017,31.8,32.7,31.52,31.9,9920,31.9
26/07/2017,31.92,32.86,31.92,32.84,2731,32.84
27/07/2017,32.84,33.0,32.8,33.0,3269,33.0
28/07/2017,33.0,33.0,32.32,32.5,4600,32.5
31/07/2017,32.5,32.89,32.35,32.35,3599,32.35
01/08/2017,32.35,32.35,32.0,32.0,2070,32.0
02/08/2017,32.0,32.45,32.0,32.4,924,32.4
03/08/2017,32.01,32.86,32.01,32.86,3060,32.86
04/08/2017,32.5,32.86,32.13,32.5,4310,32.5
07/08/2017,32.84,32.84,32.04,32.7,2479,32.7
08/08/2017,32.68,32.68,32.05,32.08,433,32.08
09/08/2017,32.5,32.5,31.8,32.09,3433,32.09
10/08/2017,32.42,32.42,31.55,32.41,1300,32.41
11/08/2017,32.58,32.58,31.61,32.39,1795,32.39
14/08/2017,32.4,32.4,31.6,32.38,2561,32.38
15/08/2017,32.37,32.37,31.4,32.25,7368,32.25
16/08/2017,31.5,32.24,31.13,32.09,2702,32.09
17/08/2017,32.08,32.25,31.26,31.7,5577,31.7
18/08/2017,32.11,32.11,31.71,31.99,4076,31.99
21/08/2017,31.7,31.99,31.7,31.99,49,31.99
22/08/2017,31.8,32.01,31.7,31.8,3489,31.8
23/08/2017,31.5,31.9,31.5,31.89,2672,31.89
24/08/2017,31.8,31.9,31.6,31.8,5791,31.8
25/08/2017,31.8,31.8,31.6,31.7,8620,31.7
28/08/2017,31.61,31.98,31.61,31.8,941,31.8
29/08/2017,31.7,31.78,31.0,31.4,5966,31.4
30/08/2017,31.4,31.96,31.4,31.77,4310,31.77
31/08/2017,31.5,31.78,31.3,31.77,1864,31.77
04/09/2017,31.6,31.6,31.4,31.59,2966,31.59
05/09/2017,31.59,31.59,31.29,31.49,2217,31.49
06/09/2017,31.49,31.49,31.25,31.25,1643,31.25
07/09/2017,31.23,31.23,30.9,31.2,947,31.2
08/09/2017,30.92,31.19,30.9,31.0,1981,31.0
11/09/2017,30.99,30.99,30.11,30.79,434,30.79
12/09/2017,30.7,30.8,30.3,30.7,1749,30.7
13/09/2017,30.65,30.68,30.0,30.3,3359,30.3
14/09/2017,30.39,30.39,29.5,29.9,2725,29.9
15/09/2017,29.9,29.99,29.5,29.5,4207,29.5
18/09/2017,29.5,29.5,28.7,29.0,3850,29.0
19/09/2017,29.0,29.6,28.81,29.34,8697,29.34
20/09/2017,29.34,30.0,29.34,30.0,1907,30.0
22/09/2017,30.0,30.39,30.0,30.1,1470,30.1
25/09/2017,30.0,30.5,30.0,30.02,1403,30.02
26/09/2017,30.02,30.1,29.92,30.1,2420,30.1
27/09/2017,30.1,30.1,30.1,30.1,500,30.1
28/09/2017,30.5,30.5,29.9,29.95,6128,29.95
29/09/2017,29.9,29.9,29.65,29.7,3097,29.7
02/10/2017,30.46,30.46,29.6,29.6,2128,29.6
03/10/2017,29.6,29.6,29.0,29.5,4030,29.5
04/10/2017,29.46,29.46,28.8,29.44,3028,29.44
05/10/2017,29.44,29.44,29.0,29.0,1035,29.0
06/10/2017,29.39,29.4,28.9,29.0,335,29.0
09/10/2017,29.0,29.0,28.5,28.9,16234,28.9
10/10/2017,28.9,28.9,28.5,28.69,6199,28.69
11/10/2017,28.42,28.5,28.13,28.42,1784,28.42
12/10/2017,28.42,28.42,27.8,27.8,1477,27.8
13/10/2017,27.99,28.0,27.8,28.0,4704,28.0
16/10/2017,28.0,28.0,27.6,27.6,3668,27.6
17/10/2017,27.8,27.8,27.5,27.8,7762,27.8
18/10/2017,27.8,27.8,27.8,27.8,414,27.8
19/10/2017,27.8,27.8,27.6,27.6,2039,27.6
20/10/2017,27.58,27.58,27.2,27.29,1612,27.29
23/10/2017,27.25,27.28,26.48,27.0,8035,27.0
24/10/2017,27.09,27.1,26.48,26.49,2795,26.49
25/10/2017,26.3,26.45,25.52,25.52,3123,25.52
26/10/2017,25.0,26.32,24.25,26.32,14426,26.32
27/10/2017,26.5,27.19,26.5,26.9,4489,26.9
30/10/2017,27.0,27.0,26.1,26.5,2463,26.5
31/10/2017,26.99,27.0,26.8,26.85,4156,26.85
01/11/2017,26.9,26.9,26.53,26.89,389,26.89
02/11/2017,26.88,26.88,26.4,26.75,933,26.75
03/11/2017,26.87,26.87,26.5,26.84,1381,26.84
06/11/2017,26.89,27.6,26.8,27.6,16862,27.6
07/11/2017,27.9,29.15,27.31,29.15,10630,29.15
08/11/2017,30.02,30.92,30.02,30.35,17909,30.35
09/11/2017,30.29,30.5,29.5,29.9,4275,29.9
10/11/2017,30.05,30.05,29.3,29.5,1566,29.5
13/11/2017,29.78,29.78,28.9,29.42,539,29.42
14/11/2017,29.42,29.42,28.8,29.0,1793,29.0
15/11/2017,29.0,29.0,28.5,28.5,2725,28.5
16/11/2017,28.99,28.99,28.5,28.5,2605,28.5
17/11/2017,28.22,28.25,27.65,28.25,5260,28.25
20/11/2017,27.5,28.25,27.5,28.24,695,28.24
21/11/2017,28.25,28.25,28.25,28.25,951,28.25
22/11/2017,28.25,28.25,27.61,27.61,677,27.61
23/11/2017,28.25,28.25,27.7,27.7,6522,27.7
24/11/2017,27.7,27.9,27.7,27.89,1994,27.89
27/11/2017,27.7,27.84,27.36,27.84,1764,27.84
28/11/2017,27.6,28.48,27.4,28.46,10363,28.46
29/11/2017,28.47,28.47,27.85,28.39,596,28.39
30/11/2017,28.38,28.38,27.9,28.29,823,28.29
04/12/2017,28.37,28.37,27.9,28.17,600,28.17
05/12/2017,28.2,28.2,27.9,28.1,779,28.1
06/12/2017,28.1,28.1,27.7,27.9,2691,27.9
07/12/2017,27.47,27.9,27.3,27.41,6490,27.41
08/12/2017,27.3,27.4,27.01,27.4,936,27.4
11/12/2017,27.39,27.4,27.0,27.0,4328,27.0
12/12/2017,26.9,26.9,26.35,26.5,1904,26.5
13/12/2017,26.5,26.6,26.0,26.29,3891,26.29
14/12/2017,26.0,26.0,25.76,26.0,1113,26.0
15/12/2017,26.0,26.02,25.9,26.0,2728,26.0
18/12/2017,26.29,26.29,26.0,26.0,3157,26.0
19/12/2017,26.0,26.78,25.82,26.0,9780,26.0
20/12/2017,26.0,26.68,25.88,25.91,3620,25.91
21/12/2017,26.0,26.45,25.88,26.45,5202,26.45
22/12/2017,26.51,26.51,25.81,26.0,4697,26.0
25/12/2017,26.0,26.0,25.45,25.45,5414,25.45
26/12/2017,25.55,26.21,25.45,26.0,112433,26.0
27/12/2017,26.0,26.0,25.8,26.0,4015,26.0
28/12/2017,26.0,26.78,25.49,26.51,21498,26.51
29/12/2017,27.0,27.4,26.6,27.0,6345,27.0
02/01/2020,19.0,19.0,18.52,18.84,18879,18.84
03/01/2020,18.8,18.8,18.75,18.75,2346,18.75
06/01/2020,18.88,19.1,18.75,19.1,11957,19.1
07/01/2020,19.11,19.28,18.75,18.75,5229,18.75
08/01/2020,18.75,19.14,18.65,18.9,2826,18.9
09/01/2020,19.0,19.0,18.75,18.97,6677,18.97
10/01/2020,18.97,18.97,18.8,18.96,4143,18.96
13/01/2020,19.0,19.4,18.95,19.0,6322,19.0
15/01/2020,19.4,19.4,18.85,19.29,10997,19.29
16/01/2020,19.29,20.44,19.2,20.44,34524,20.44
17/01/2020,20.59,20.79,19.98,20.18,30915,20.18
20/01/2020,20.19,20.35,19.98,20.0,5429,20.0
21/01/2020,20.2,20.2,19.8,19.9,8091,19.9
22/01/2020,20.0,20.3,19.86,20.19,7153,20.19
23/01/2020,20.19,20.52,20.19,20.29,8681,20.29
24/01/2020,20.5,20.5,20.01,20.39,6003,20.39
27/01/2020,20.39,20.65,20.3,20.5,7612,20.5
28/01/2020,20.4,20.43,20.29,20.3,11136,20.3
29/01/2020,20.4,20.4,20.11,20.4,324,20.4
30/01/2020,20.4,20.4,20.35,20.4,1395,20.4
31/01/2020,20.5,21.0,20.5,20.8,16459,20.8
03/02/2020,20.89,21.0,20.6,21.0,14102,21.0
04/02/2020,21.19,21.79,21.19,21.23,31040,21.23
05/02/2020,21.21,21.84,21.21,21.65,25950,21.65
06/02/2020,21.6,21.6,21.3,21.4,6276,21.4
07/02/2020,21.33,21.6,21.25,21.39,11446,21.39
10/02/2020,21.39,21.39,20.8,21.0,20338,21.0
11/02/2020,21.0,21.45,20.5,20.85,16154,20.85
12/02/2020,21.01,21.44,20.65,21.0,9080,21.0
13/02/2020,21.0,21.6,20.9,21.5,17014,21.5
14/02/2020,21.5,21.98,21.5,21.89,7575,21.89
17/02/2020,21.9,21.95,21.72,21.89,970,21.89
18/02/2020,21.98,21.98,21.55,21.7,9947,21.7
19/02/2020,21.6,21.68,21.5,21.66,8000,21.66
20/02/2020,21.67,21.67,21.3,21.6,3164,21.6
21/02/2020,21.6,21.75,21.6,21.65,2134,21.65
24/02/2020,21.84,21.84,21.6,21.65,4745,21.65
25/02/2020,21.65,21.8,21.6,21.65,4010,21.65
26/02/2020,21.79,21.79,21.55,21.65,2011,21.65
27/02/2020,21.7,21.7,21.5,21.55,5994,21.55
28/02/2020,21.54,21.8,21.54,21.77,3382,21.77
02/03/2020,21.77,21.77,21.12,21.12,11452,21.12
03/03/2020,21.38,21.38,20.8,21.15,7854,21.15
04/03/2020,21.15,21.32,20.99,21.0,4526,21.0
05/03/2020,21.14,21.14,20.75,20.8,11492,20.8
06/03/2020,20.9,20.9,20.28,20.3,16383,20.3
09/03/2020,20.25,20.59,19.65,19.65,26348,19.65
10/03/2020,18.8,20.23,18.8,19.1,20899,19.1
11/03/2020,19.02,19.98,19.01,19.79,11255,19.79
12/03/2020,19.5,19.79,18.63,18.63,15938,18.63
13/03/2020,18.49,18.5,17.5,17.5,88777,17.5
16/03/2020,17.49,17.49,16.45,16.45,1983,16.45
17/03/2020,16.0,16.0,15.52,15.52,700,15.52
18/03/2020,0.0,0.0,0.0,0.0,0,0.0
19/03/2020,14.61,15.3,14.61,14.61,37420,14.61
23/03/2020,14.18,14.6,14.18,14.18,12947,14.18
24/03/2020,13.81,14.6,13.81,14.19,25587,14.19
25/03/2020,14.19,14.6,14.19,14.35,13156,14.35
26/03/2020,14.66,14.78,14.5,14.78,22939,14.78
27/03/2020,15.22,15.22,14.8,14.85,21227,14.85
30/03/2020,14.95,15.2,14.51,14.85,4816,14.85
31/03/2020,15.1,15.1,14.6,14.75,6002,14.75
01/04/2020,14.99,14.99,14.7,14.7,2659,14.7
02/04/2020,14.7,14.7,14.3,14.3,6166,14.3
03/04/2020,14.69,14.69,14.3,14.6,3692,14.6
06/04/2020,14.98,14.98,14.17,14.3,4700,14.3
07/04/2020,14.7,14.7,14.15,14.28,5168,14.28
08/04/2020,14.59,14.59,14.19,14.28,2825,14.28
13/04/2020,14.59,14.59,14.19,14.3,1160,14.3
14/04/2020,14.5,14.5,14.3,14.4,1334,14.4
15/04/2020,14.4,14.4,14.17,14.17,6217,14.17
16/04/2020,14.35,14.35,14.0,14.0,5585,14.0
17/04/2020,14.19,14.19,13.97,14.0,8325,14.0
20/04/2020,14.19,14.19,13.98,13.98,8376,13.98
21/04/2020,14.18,14.18,13.9,13.99,7432,13.99
22/04/2020,14.0,14.0,13.58,13.7,6106,13.7
23/04/2020,13.99,13.99,13.58,13.7,924,13.7
24/04/2020,13.7,13.7,13.36,13.37,6400,13.37
27/04/2020,13.37,13.77,13.37,13.77,12314,13.77
28/04/2020,14.14,14.14,13.36,13.5,8497,13.5
29/04/2020,13.5,13.77,13.1,13.1,7116,13.1
30/04/2020,13.1,13.1,12.71,12.71,22394,12.71
04/05/2020,12.71,12.99,12.6,12.94,5212,12.94
05/05/2020,13.1,13.32,13.0,13.32,6664,13.32
06/05/2020,13.7,13.7,13.1,13.6,10866,13.6
07/05/2020,13.6,14.0,13.52,13.52,17529,13.52
08/05/2020,13.71,13.71,13.4,13.52,9987,13.52
11/05/2020,13.85,13.92,13.83,13.92,16337,13.92
12/05/2020,14.33,14.33,14.33,14.33,10952,14.33
13/05/2020,14.7,14.75,14.5,14.75,24537,14.75
14/05/2020,0.0,0.0,0.0,0.0,0,0.0
15/05/2020,0.0,0.0,0.0,0.0,0,0.0
18/05/2020,16.1,16.1,15.2,16.1,23010,16.1
19/05/2020,16.5,16.58,16.47,16.58,32323,16.58
20/05/2020,17.07,17.07,16.12,16.8,20617,16.8
21/05/2020,16.8,17.3,16.8,17.3,32889,17.3
22/05/2020,17.75,17.75,17.3,17.58,5127,17.58
26/05/2020,17.89,18.1,17.89,18.09,13624,18.09
27/05/2020,18.37,18.37,18.09,18.2,15726,18.2
28/05/2020,18.39,18.74,18.2,18.74,12260,18.74
29/05/2020,19.3,19.3,19.3,19.3,25138,19.3
01/06/2020,19.6,19.87,19.3,19.6,16412,19.6
02/06/2020,19.75,20.18,19.75,20.18,9078,20.18
03/06/2020,20.78,20.78,19.6,20.0,39453,20.0
04/06/2020,20.0,20.0,19.4,19.4,6806,19.4
05/06/2020,0.0,0.0,0.0,0.0,0,0.0
08/06/2020,18.02,19.5,18.02,19.14,25303,19.14
09/06/2020,19.19,19.19,18.9,19.1,11847,19.1
10/06/2020,19.1,19.9,19.01,19.9,8582,19.9
11/06/2020,19.95,19.95,19.67,19.74,5292,19.74
12/06/2020,19.73,19.73,19.15,19.4,13837,19.4
15/06/2020,19.64,19.64,19.22,19.5,19189,19.5
16/06/2020,19.6,19.74,19.42,19.65,9751,19.65
17/06/2020,19.74,20.33,19.74,20.33,28230,20.33
18/06/2020,20.5,21.09,20.33,20.89,32479,20.89
19/06/2020,21.09,21.09,20.51,20.78,10211,20.78
22/06/2020,20.88,22.04,20.88,22.0,39612,22.0
23/06/2020,22.1,22.9,22.04,22.33,33370,22.33
24/06/2020,22.34,22.5,21.7,22.0,26950,22.0
25/06/2020,22.0,22.0,21.43,21.43,22924,21.43
26/06/2020,21.65,21.65,20.68,21.01,15325,21.01
29/06/2020,21.11,22.28,21.11,22.28,18972,22.28
30/06/2020,22.8,23.1,22.5,22.7,33691,22.7
01/07/2020,22.6,22.6,22.34,22.34,2857,22.34
02/07/2020,22.59,22.59,22.03,22.59,16909,22.59
03/07/2020,22.59,23.2,22.31,23.1,14943,23.1
06/07/2020,23.15,23.48,22.9,22.9,15926,22.9
07/07/2020,22.89,23.1,22.61,22.8,3539,22.8
08/07/2020,22.36,22.8,22.35,22.79,4645,22.79
09/07/2020,22.5,22.7,22.4,22.46,2279,22.46
10/07/2020,22.36,22.46,22.1,22.45,3077,22.45
13/07/2020,23.0,23.4,22.9,22.95,24210,22.95
14/07/2020,22.99,22.99,22.6,22.6,4913,22.6
15/07/2020,22.6,22.6,22.0,22.31,14247,22.31
16/07/2020,22.02,22.3,21.99,22.0,5808,22.0
17/07/2020,22.3,22.45,21.8,22.0,10165,22.0
20/07/2020,22.25,22.25,21.85,22.25,3425,22.25
21/07/2020,22.47,22.47,22.1,22.39,1222,22.39
22/07/2020,22.05,22.39,21.85,22.38,1010,22.38
23/07/2020,22.39,22.7,22.21,22.7,7210,22.7
24/07/2020,22.7,23.0,22.6,22.99,15991,22.99
27/07/2020,22.99,22.99,22.71,22.75,1042,22.75
28/07/2020,22.9,23.0,22.8,22.99,4945,22.99
29/07/2020,22.99,22.99,22.8,22.85,1290,22.85
30/07/2020,22.85,22.9,22.7,22.85,3696,22.85
03/08/2020,22.9,22.99,22.8,22.9,2314,22.9
04/08/2020,22.9,23.58,22.9,23.43,23491,23.43
05/08/2020,23.39,23.94,23.39,23.94,27313,23.94
06/08/2020,23.9,23.93,23.45,23.45,4067,23.45
07/08/2020,23.5,23.8,23.45,23.74,6324,23.74
10/08/2020,23.74,23.8,23.44,23.74,8508,23.74
11/08/2020,23.8,23.9,23.7,23.9,9304,23.9
12/08/2020,23.38,23.38,23.0,23.18,4374,23.18
14/08/2020,23.18,23.18,22.81,22.85,8654,22.85
17/08/2020,22.81,22.81,22.13,22.13,20801,22.13
18/08/2020,22.13,22.13,21.51,21.95,5126,21.95
19/08/2020,21.95,22.45,21.9,22.45,10939,22.45
21/08/2020,22.65,22.65,22.3,22.65,5316,22.65
24/08/2020,22.55,22.85,22.0,22.84,9267,22.84
25/08/2020,22.85,22.94,22.64,22.88,2895,22.88
26/08/2020,22.5,22.8,22.5,22.5,2684,22.5
27/08/2020,22.5,22.6,22.2,22.6,3527,22.6
28/08/2020,22.59,22.9,22.51,22.89,3012,22.89
31/08/2020,22.99,23.67,22.99,23.11,22692,23.11
01/09/2020,23.2,23.54,23.1,23.48,20508,23.48
02/09/2020,23.11,23.9,23.1,23.85,11374,23.85
03/09/2020,24.21,24.5,23.81,24.5,20225,24.5
04/09/2020,24.61,25.34,24.5,24.9,21519,24.9
07/09/2020,24.9,24.9,24.5,24.7,19463,24.7
08/09/2020,24.88,25.1,24.46,24.87,4960,24.87
09/09/2020,25.1,25.1,24.87,25.06,11643,25.06
10/09/2020,25.06,25.55,25.0,25.09,13674,25.09
11/09/2020,25.5,25.5,25.15,25.2,11989,25.2
14/09/2020,25.4,25.4,24.86,24.86,13298,24.86
15/09/2020,24.79,25.0,24.5,24.79,10158,24.79
16/09/2020,24.85,24.85,24.52,24.52,8844,24.52
17/09/2020,24.7,24.95,24.5,24.7,10351,24.7
18/09/2020,24.75,24.89,24.6,24.75,3407,24.75
21/09/2020,24.75,24.75,24.5,24.69,9612,24.69
22/09/2020,24.69,24.69,24.3,24.48,11504,24.48
23/09/2020,24.1,24.8,24.1,24.65,6190,24.65
24/09/2020,24.6,24.82,24.41,24.41,6722,24.41
25/09/2020,24.41,24.7,24.41,24.5,11785,24.5
28/09/2020,24.45,24.9,24.44,24.8,15102,24.8
29/09/2020,24.8,24.8,24.41,24.73,6346,24.73
30/09/2020,24.51,24.6,24.3,24.42,11342,24.42
01/10/2020,24.28,24.29,22.94,22.94,41110,22.94
02/10/2020,22.3,23.3,22.0,22.7,29754,22.7
05/10/2020,23.25,23.8,22.94,23.8,4151,23.8
06/10/2020,23.3,23.8,23.3,23.7,6870,23.7
07/10/2020,23.7,23.7,23.3,23.45,11891,23.45
08/10/2020,23.45,23.45,23.0,23.0,5588,23.0
09/10/2020,23.46,24.0,23.46,23.7,48311,23.7
12/10/2020,23.8,24.3,23.8,24.2,4509,24.2
13/10/2020,24.4,24.4,23.7,23.8,14674,23.8
14/10/2020,24.1,24.1,23.25,24.0,2556,24.0
16/10/2020,24.0,24.0,23.3,23.99,2114,23.99
19/10/2020,23.8,23.8,23.5,23.7,3317,23.7
20/10/2020,23.56,23.69,23.51,23.69,2949,23.69
21/10/2020,23.7,23.7,23.52,23.55,3515,23.55
22/10/2020,23.68,23.69,23.52,23.69,1883,23.69
23/10/2020,23.78,23.99,23.6,23.95,640,23.95
26/10/2020,24.0,24.0,23.65,23.94,3664,23.94
27/10/2020,23.93,23.95,23.75,23.95,1034,23.95
28/10/2020,23.75,23.95,23.75,23.9,2117,23.9
30/10/2020,23.9,23.9,23.55,23.75,5146,23.75
02/11/2020,23.75,23.88,23.75,23.8,2537,23.8
03/11/2020,23.9,23.9,23.65,23.79,1044,23.79
04/11/2020,23.79,23.8,23.6,23.78,1693,23.78
05/11/2020,23.78,23.78,23.76,23.76,594,23.76
06/11/2020,23.78,23.89,23.6,23.85,2238,23.85
09/11/2020,24.0,24.0,23.5,23.85,7118,23.85
10/11/2020,23.7,23.8,23.6,23.78,2483,23.78
11/11/2020,23.75,23.9,23.75,23.88,2083,23.88
12/11/2020,23.89,23.97,23.7,23.97,3647,23.97
13/11/2020,23.75,23.97,23.75,23.8,1972,23.8
16/11/2020,23.8,24.51,23.8,24.51,9336,24.51
17/11/2020,24.55,25.28,24.49,24.9,38729,24.9
18/11/2020,25.1,25.4,25.0,25.4,29743,25.4
19/11/2020,25.5,25.9,25.5,25.7,48910,25.7
20/11/2020,25.7,25.7,25.3,25.6,15695,25.6
23/11/2020,25.5,25.64,25.35,25.45,2753,25.45
24/11/2020,25.45,25.5,25.0,25.34,12716,25.34
25/11/2020,25.3,25.5,25.0,25.44,18372,25.44
26/11/2020,25.71,26.0,25.5,25.5,80552,25.5
27/11/2020,25.5,25.5,25.12,25.37,6756,25.37
30/11/2020,25.33,25.48,25.2,25.4,4272,25.4
01/12/2020,25.48,25.83,25.48,25.74,10109,25.74
02/12/2020,25.79,25.8,25.58,25.73,8894,25.73
03/12/2020,25.8,25.8,25.65,25.7,9907,25.7
04/12/2020,25.7,25.75,25.58,25.68,11665,25.68
07/12/2020,25.79,25.79,25.55,25.69,6536,25.69
08/12/2020,25.75,25.75,25.2,25.4,28054,25.4
09/12/2020,25.4,25.4,25.08,25.25,5698,25.25
10/12/2020,25.33,25.38,25.1,25.2,4612,25.2
11/12/2020,25.35,25.35,25.09,25.1,5113,25.1
14/12/2020,25.1,25.3,25.09,25.29,3136,25.29
15/12/2020,25.35,25.35,25.1,25.34,4684,25.34
16/12/2020,25.32,25.32,25.12,25.29,497,25.29
17/12/2020,25.29,25.29,25.05,25.2,4794,25.2
18/12/2020,25.06,25.25,25.06,25.25,3363,25.25
21/12/2020,25.29,25.77,25.29,25.5,11699,25.5
22/12/2020,25.5,25.78,25.25,25.5,2300,25.5
23/12/2020,25.3,25.5,25.3,25.48,2149,25.48
24/12/2020,25.5,26.15,25.5,25.8,27804,25.8
25/12/2020,25.9,26.0,25.5,25.85,7855,25.85
28/12/2020,25.55,25.85,25.55,25.8,8909,25.8
29/12/2020,25.83,25.83,25.55,25.79,4268,25.79
30/12/2020,25.8,25.98,25.52,25.95,16297,25.95
31/12/2020,25.97,25.97,25.6,25.6,33435,25.6
